{
  "project_info": {
    "project_number": "682437540214",
    "firebase_url": "https://selectorclamp.firebaseio.com",
    "project_id": "selectorclamp",
    "storage_bucket": "selectorclamp.appspot.com"
  },
  "client": [
    {
      "client_info": {
        "mobilesdk_app_id": "1:682437540214:android:be4f10e1baac93b85a2257",
        "android_client_info": {
          "package_name": "com.example.selectorclamp"
        }
      },
      "oauth_client": [
        {
          "client_id": "682437540214-fle4u6d03hqfpsjs75ho9gu4ni8mrlid.apps.googleusercontent.com",
          "client_type": 1,
          "android_info": {
            "package_name": "com.example.selectorclamp",
            "certificate_hash": "db4b002b94b9ac44a73bac2d1372f9af33d6e655"
          }
        },
        {
          "client_id": "682437540214-eb6t7u09ater96962930uecgkq26p5lk.apps.googleusercontent.com",
          "client_type": 3
        }
      ],
      "api_key": [
        {
          "current_key": "AIzaSyAwdK1l55w7MXyBcEU98dvSYSL62ugMgl4"
        }
      ],
      "services": {
        "appinvite_service": {
          "other_platform_oauth_client": [
            {
              "client_id": "682437540214-eb6t7u09ater96962930uecgkq26p5lk.apps.googleusercontent.com",
              "client_type": 3
            }
          ]
        }
      }
    }
  ],
  "configuration_version": "1"
}